id,data,title,content,clienteId,clienteNome,owner_id,photos,updatedAt
N1769378561839,25/01/2026,,"uyfigsufdklng
Ihg",,,,,
N1769399064452,26/01/2026,,"- khhkg
- khkgv
- jbncc",,,,,
N1769420134757,26/01/2026,🤩,🤩,,,,,
N1769428703204,26/01/2026,,nova nota,,,,,
N1769429809477,26/01/2026,,"ugieh wiehg w ow he   ewhe i
ew
e
weg",,,,,
N1769955320361,01/02/2026,,"ghgr hirg r
* gregr
* rghtnhgff
* htnhgggf",,,,,
N1769960709394,01/02/2026,titulo 1 - editado,"# jgfnbngf
* jkjfkghjghdfg
* fhgkjhkgfghfgdf
* etrytgkjh
> Tagc
rhtjhmjmr
retwreytrjj
retrthrjh
retetrhjjh
egrehhjjj
Jjj
wretwrethhhhh
# ghghghhhf jjhh

Jjj

epgirojgnh~
# ogfkdçglfhlg
oirgjkp´eg
rh
rhrhjrojowjgor

ygifuohdgsfnkdbhhhg",,,,,
NT-1770653070356,2026-02-09T16:04:30.356Z,titulo clien,"bjfnkvi ig jpi nf ojiobn fpodjb fb
ifoh bif bufd bs
fo b fbsfd
* ighobdfiobj
* eriobfiournb
* ignbiohgioh

> ioforinogng
> igtigirepghi",9dc9c09a-6b14-426a-9cda-d1a8f02942b9,clien,,,
NT-3941-1771934219534,2026-02-24T11:56:57.932Z,,<p>ibrjnk</p><p>rrbbnobbm</p><p>rebkn</p><h1>knfmçwev</h1><ul><li><p>rgrkn</p></li><li><p>rr</p></li><li><p>rgw</p></li></ul><blockquote><p>rgnr</p><p>rbb</p><p>brebeb</p><p>bkf</p></blockquote><p>knblsdblfbnfçkbs</p><p></p>,,,,,
NT-254-1771934220323,2026-02-24T11:56:59.128Z,,<p>ibrjnk</p><p>rrbbnobbm</p><p>rebkn</p><h1>knfmçwev</h1><ul><li><p>rgrkn</p></li><li><p>rr</p></li><li><p>rgw</p></li></ul><blockquote><p>rgnr</p><p>rbb</p><p>brebeb</p><p>bkf</p></blockquote><p>knblsdblfbnfçkbs</p><p></p>,,,,,
NT-9747-1771934221582,2026-02-24T11:57:00.160Z,,<p>ibrjnk</p><p>rrbbnobbm</p><p>rebkn</p><h1>knfmçwev</h1><ul><li><p>rgrkn</p></li><li><p>rr</p></li><li><p>rgw</p></li></ul><blockquote><p>rgnr</p><p>rbb</p><p>brebeb</p><p>bkf</p></blockquote><p>knblsdblfbnfçkbs</p><p></p>,,,,,
NT-5784-1771934222577,2026-02-24T11:57:01.262Z,,<p>ibrjnk</p><p>rrbbnobbm</p><p>rebkn</p><h1>knfmçwev</h1><ul><li><p>rgrkn</p></li><li><p>rr</p></li><li><p>rgw</p></li></ul><blockquote><p>rgnr</p><p>rbb</p><p>brebeb</p><p>bkf</p></blockquote><p>knblsdblfbnfçkbs</p><p></p>,,,,,
NT-3683-1771934249020,2026-02-24T11:57:27.890Z,oi,<p>ohi</p>,,,,,
NT-6079-1771934580050,2026-02-24T12:07:46.790Z,nota,<p>eongndo</p>,,,,,
NT-6687-1771934832584,2026-02-24T12:07:11.232Z,efgwr,<p>fegf</p>,,,,,
NT-1428-1771936098601,2026-02-24T12:28:16.974Z,dgfgh,"<p>vbvnmnbnbn</p><p>fgd</p><p>egrhtjj</p><p>egrhtjj,hghjj,</p><p>ghgjhfgfmhgfmgmfgmfgfm</p><h1>fkndnfdb</h1><p></p><p></p>",,,,,